category,revenue
Classic,26.90596025566967
Veggie,23.682590927384577
Supreme,25.45631126009862
Chicken,23.955137556847287
