category,revenue
Classic,26.90596025566967
Supreme,25.45631126009862
Chicken,23.955137556847287
